id,name,type,subtype,subsubtype,damage,min_damage,once_ammo,range,full_damage_distance,min_damage_distance,fire_type,burst_count,single_shot,fire_interval,repeat_fire_interval,bite_armor,armordestroy,initial_clip_count,ammo_clip_size,ammo_id,reload_speed,reload_time,scatter_num,scatter_speed,scatter_move,scatter_max,scatter_recover_speed,player_speed_factor,player_speed_factor_while_firing,player_speed_factor_while_aiming,attachment_slot,attachment_default_equip,sight_equip,sight_default_equip,silencer,combine_type,damage_ratio_body,damage_ratio_head,damage_ratio_limb,headshot_full_ratio_distance,headshot_min_ratio_distance,headshot_min_ratio,knock_down_damage,extra_damage_rate,icewall_breakdown_rate,boost_damage,boost_damage_interval,sight_shoot_mindmg_numy,buff_id,default_absorb_height,can_not_assist_enemy,aim_assist_specified,isprocessiveguntrace,aim_assist_lock_keep_time,aim_assist_lock_decrease_time,aim_assist_min_screen_range,aim_assist_max_screen_range,can_penetrate_static,penetrate_static_time_after_hit,aim_assist_specified_sight,aim_assist_lock_keep_time_sight,aim_assist_lock_decrease_time_sight,sight_switch_time,id_weaponskin,TagID,ishealgun,sort,hud_icon,sound_fire,mute_sound_fire,sound_fire_middle_range,sound_fire_long_range,sound_fire_middle_range_low,sound_fire_long_range_low,mute_sound_fire_low,sound_clip_in,sound_clip_in_NewAnim,sound_clip_out,sound_clip_out_NewAnim,sound_change_weapon,sight_switch_music,sight_ui_action_ratio,sight_ui_action_recovery,angle,delay,armor_penetration_rate,fireShakeParam,canautoswitch,gunfireinterval,sound_pull_bolt,bullet_effect,fire_effect,second_fire_effect,anim_controller_overwrite,female_anim_controller_overwrite,full_hd_anim_controller,full_hd_female_anim_controller,weapon_gold_type,pre_exchange_time,post_exchange_time,absolute_exchange_time,fire_vibrate,clip_vibrate,WeaponLevel,CrossHairType,Level,HitHintScale,HitHintTime,KillHintScale,KillHintTime,ContinuousHitHint,ContinuousHitHintScale,ContinuousHitHintTime,reload_progress_anim_time,prefire_delay,shield_damage_scale,shield_damge_by_bodypart,weapon_execution_id,is_sniper_attackable_red,ammo_consumed_per_shot,fire_on_vehicle_fix,3p_fire_simulation_interval_zoom,segment_reload_quantity,segment_reload_time,manual_action,buff_eca_for_owner,buff_eca_for_owner_in_br,buff_eca_for_owner_in_cs,default_awaken_term,sprint_attack_speed,sprint_attack_extend_range_ratio,qte_params
unread,unread,unread,unread,unread,unread,unread,unread,unread,unread,unread,unread,unread,unread,unread,,unread,unread,unread,unread,unread,unread,unread,unread,unread,unread,unread,unread,unread,unread,unread,unread,unread,unread,unread,unread,unread,unread,unread,unread,unread,unread,unread,unread,unread,unread,unread,unread,unread,,unread,unread,unread,unread,unread,unread,unread,unread,unread,unread,unread,unread,unread,unread,unread,unread,unread,unread,unread,unread,unread,unread,unread,unread,unread,unread,unread,unread,unread,unread,unread,unread,unread,unread,unread,unread,,xOffset#yOffset#skakeDurationOffset(shakeduration = fireinterval C shakedurationOffset)#OffsetRandBottomRatio,,unread,unread,unread,unread,unread,unread,unread,,,unread,unread,unread,unread,unread,unread,unread,unread,,unread,unread,unread,unread,unread,unread,unread,unread,unread,unread,unread,unread,unread,unread,unread,unread,unread,unread,unread,unread,unread,unread,unread,unread,unread,
129,GoldKar98k,1,1,,1400,1000,1,220,62,85,1,,FALSE,1.42,,1.0,,1,5,203,3.0,0.1,0,0,0,0,0,1,1,,0;4,,577,577,,,0.2,,0.45,,,,,,,,,12,,,,,,,0,,,,,,,,0.2,21,106;202,,64,Icon_HUD_Kar98k,SOUND_Kar98k_FIRE,SOUND_98K_SILENCER,SOUND_KAR98K_MIDDLERANGE,SOUND_KAR98K_LONGRANGE,SOUND_AR_MIDDLERANGE,SOUND_AR_LONGRANGE,SOUND_AR_SILENCER,SOUND_Kar98k_CLIPIN,,SOUND_Kar98k_CLIPOUT,SOUND_Kar98k_CLIPOUT_HD,SOUND_SWITCH_WEAPON_SNIPER,SOUND_EQUIP,,,,,1.0,0.006#0.09#0.75#0.6,TRUE,1,SOUND_Weapon_Kar98k_Bolt,,,,,,INGAME_WEAPON_OVERRIDE_ANIM_Kar98k_MALE_FULL_HD,INGAME_WEAPON_OVERRIDE_ANIM_Kar98k_FEMALE_FULL_HD,TRUE,0.6,0.25,,121,421,,3,,1.1,0.8,0.8,0.65,,,,1,,0,1;1;1,,TRUE,,,,,,,,,,,,,
46,AUG,0,0,,350,170,1,220,37,63,1,,FALSE,0.132,,1.0,,1,30,201,3.0,0.1,0,0,0,0,0,1.05,0.85,,0;1;2;3;4;6,5532,532;534;535;537,534,,,,,0.25,25,50,-1.5,,0.2,,,,4,,,,,,,0,,,,,,,,0.2,,101;202;301,,51,Icon_HUD_AUG,SOUND_AUG_FIRE,SOUND_AUG_SILENCER,SOUND_AUG_MIDDLERANGE,SOUND_AUG_LONGRANGE,SOUND_AR_MIDDLERANGE,SOUND_AR_LONGRANGE,SOUND_AR_SILENCER,SOUND_AUG_CLIPIN,SOUND_AUG_CLIPIN_HD,SOUND_AUG_CLIPOUT,SOUND_AUG_CLIPOUT_HD,SOUND_SWITCH_WEAPON_RIFLE,SOUND_EQUIP,,,,,1.0,0.01#0.025#0.12#0.6,TRUE,5,,,,,,,INGAME_WEAPON_OVERRIDE_ANIM_AUG_MALE_FULL_HD,INGAME_WEAPON_OVERRIDE_ANIM_AUG_FEMALE_FULL_HD,,0.25,0.25,,146,446,,0,,,,0.65,0.8,,,,,,0,1;1;1,,,,,,,,,,,,,,,
193,GoldAUG-I,0,0,,350,170,1,220,37,63,1,,FALSE,0.132,,1.0,,1,30,201,3.0,0.1,0,0,0,0,0,1.05,0.85,,0;1;2;3;4;6,5533,532;534;535;537,534,,,,,0.25,25,50,-1.5,,0.2,,,,4,,,,,,,0,,,,,,,,0.2,46,101;202;301,,51,Icon_HUD_AUG,SOUND_AUG_FIRE,SOUND_AUG_SILENCER,SOUND_AUG_MIDDLERANGE,SOUND_AUG_LONGRANGE,SOUND_AR_MIDDLERANGE,SOUND_AR_LONGRANGE,SOUND_AR_SILENCER,SOUND_AUG_CLIPIN,SOUND_AUG_CLIPIN_HD,SOUND_AUG_CLIPOUT,SOUND_AUG_CLIPOUT_HD,SOUND_SWITCH_WEAPON_RIFLE,SOUND_EQUIP,,,,,1.0,0.01#0.025#0.12#0.6,TRUE,5,,,,,,,INGAME_WEAPON_OVERRIDE_ANIM_AUG_MALE_FULL_HD,INGAME_WEAPON_OVERRIDE_ANIM_AUG_FEMALE_FULL_HD,,0.25,0.25,,146,446,,0,,,,0.65,0.8,,,,,,0,1;1;1,,,,,,,,,,,,,,,
194,GoldAUG-II,0,0,,350,170,1,220,37,63,1,,FALSE,0.132,,1.0,,1,30,201,3.0,0.1,0,0,0,0,0,1.05,0.85,,0;1;2;3;4;6,5534,532;534;535;537,534,,,,,0.25,25,50,-1.5,,0.2,,,,4,,,,,,,0,,,,,,,,0.2,46,101;202;301,,51,Icon_HUD_AUG,SOUND_AUG_FIRE,SOUND_AUG_SILENCER,SOUND_AUG_MIDDLERANGE,SOUND_AUG_LONGRANGE,SOUND_AR_MIDDLERANGE,SOUND_AR_LONGRANGE,SOUND_AR_SILENCER,SOUND_AUG_CLIPIN,SOUND_AUG_CLIPIN_HD,SOUND_AUG_CLIPOUT,SOUND_AUG_CLIPOUT_HD,SOUND_SWITCH_WEAPON_RIFLE,SOUND_EQUIP,,,,,1.0,0.01#0.025#0.12#0.6,TRUE,5,,,,,,,INGAME_WEAPON_OVERRIDE_ANIM_AUG_MALE_FULL_HD,INGAME_WEAPON_OVERRIDE_ANIM_AUG_FEMALE_FULL_HD,,0.25,0.25,,146,446,,0,,,,0.65,0.8,,,,,,0,1;1;1,,,,,,,,,,,,,,,
195,GoldAUG-III,0,0,,350,170,1,220,37,63,1,,FALSE,0.132,,1.0,,1,30,201,3.0,0.1,0,0,0,0,0,1.05,0.85,,0;1;2;3;4;6,5535,532;534;535;537,534,,,,,0.25,25,50,-1.5,,0.2,,,,4,,,,,,,0,,,,,,,,0.2,46,101;202;301,,51,Icon_HUD_AUG,SOUND_AUG_FIRE,SOUND_AUG_SILENCER,SOUND_AUG_MIDDLERANGE,SOUND_AUG_LONGRANGE,SOUND_AR_MIDDLERANGE,SOUND_AR_LONGRANGE,SOUND_AR_SILENCER,SOUND_AUG_CLIPIN,SOUND_AUG_CLIPIN_HD,SOUND_AUG_CLIPOUT,SOUND_AUG_CLIPOUT_HD,SOUND_SWITCH_WEAPON_RIFLE,SOUND_EQUIP,,,,,1.0,0.01#0.025#0.12#0.6,TRUE,5,,,,,,,INGAME_WEAPON_OVERRIDE_ANIM_AUG_MALE_FULL_HD,INGAME_WEAPON_OVERRIDE_ANIM_AUG_FEMALE_FULL_HD,,0.25,0.25,,146,446,,0,,,,0.65,0.8,,,,,,0,1;1;1,,,,,,,,,,,,,,,
57,unread,0,0,,30,14,1,220,27,52,1,,FALSE,0.112,,0,,1,22,201,1,,4,0.15,1.15,2.2,11,1.1,0.9,,0;2;3;4,,532;534;535;537,534,,,,,0.25,25,50,-1.5,,,,,,3,,,,,,,,,,,,,,,0.18,,102;202,,76,Icon_HUD_AR15,SOUND_AR15_FIRE,SOUND_AR15_SILENCER,SOUND_AR15_MIDDLERANGE,SOUND_AR15_LONGRANGE,SOUND_AR_MIDDLERANGE,SOUND_AR_LONGRANGE,SOUND_AR_SILENCER,SOUND_AR15_CLIPIN,SOUND_AR15_CLIPIN_HD,SOUND_AR15_CLIPOUT,SOUND_AR15_CLIPOUT_HD,SOUND_SWITCH_WEAPON_RIFLE,SOUND_EQUIP,,,,,,0.01#0.025#0.12#0.6,TRUE,5,,,,,,,INGAME_WEAPON_OVERRIDE_ANIM_AK_MALE_FULL_HD,INGAME_WEAPON_OVERRIDE_ANIM_AK_FEMALE_FULL_HD,,0.25,0.25,,157,457,,0,,,,0.65,0.8,1,0.7,0.6,,,0,1;1;1,,,,,,,,,,,,,,,
73,G36-Assault,0,0,,260,140,1,220,13,24,1,,FALSE,0.09,,1.0,,1,30,201,3.0,0.1,0,0,0,0,0,1,0.9,,0;2;3;4,,532;534;535;537,532,,,,,0.25,12,20,-2,,,,,,2,,,,TRUE,,,0,0.495;0.505;0.495;0.505,0.44;0.56;0.39;0.61,,,,,,0.2,,102;201,,73,Icon_HUD_G36,SOUND_G36_FIRE,SOUND_G36_SILENCER,SOUND_G36_MIDDLERANGE,SOUND_G36_LONGRANGE,SOUND_AR_MIDDLERANGE,SOUND_AR_LONGRANGE,SOUND_AR_SILENCER,SOUND_G36_CLIP_IN,,SOUND_G36_CLIP_OUT,SOUND_G36_CLIP_OUT_HD,SOUND_SWITCH_WEAPON_RIFLE,SOUND_EQUIP,,,,,1.0,0.02#0.02#0.12#0.6,TRUE,5,,,,,,,INGAME_WEAPON_OVERRIDE_ANIM_SCAR_MALE_FULL_HD,INGAME_WEAPON_OVERRIDE_ANIM_SCAR_FEMALE_FULL_HD,,0.25,0.25,,102,402,,0,,,,0.65,0.8,,,,,,0,1;1;1,,,,,,,,,,,,,,,
      
